Type,Time,Ratio
ZSTD+16,    0.000033,    0.102218
ZSTD16,    0.000011,    0.093005
LZ4+16,    0.000128,    0.132362
LZ416,    0.000008,    0.144894
LibDf16,    0.000022,    0.106598
Zlib16,    0.000492,    0.096134
ZSTD+,    0.000343,    0.320552
ZSTD,    0.000017,    0.113870
LZ4+,    0.000417,    0.336150
LZ4,    0.000005,    0.173543
LibDf,    0.000032,    0.123731
Zlib,    0.000282,    0.112417
