Type,Time,Ratio
ZSTD+16,    0.000025,    0.099467
ZSTD16,    0.000013,    0.093005
LZ4+16,    0.000114,    0.130441
LZ416,    0.000005,    0.144894
LibDf16,    0.000023,    0.106598
Zlib16,    0.000492,    0.096134
ZSTD+,    0.000032,    0.246062
ZSTD,    0.000019,    0.113870
LZ4+,    0.000089,    0.267454
LZ4,    0.000005,    0.173543
LibDf,    0.000033,    0.123731
Zlib,    0.000292,    0.112417
