Type,Time,Ratio
ZSTD+16,    0.000364,    0.102218
ZSTD16,    0.000013,    0.093005
LZ4+16,    0.000460,    0.132362
LZ416,    0.000005,    0.144894
LibDf16,    0.000024,    0.106598
Zlib16,    0.000503,    0.096134
ZSTD+,    0.000359,    0.320552
ZSTD,    0.000019,    0.113870
LZ4+,    0.000426,    0.336150
LZ4,    0.000005,    0.173543
LibDf,    0.000035,    0.123731
Zlib,    0.000300,    0.112417
